Hyon,Jay
Joana,Joi
Celina,Carie
Federico,Menozzi
My,Nathalie
Elda,Elsy
Camellia,Blake
Christeen,Clark
Gisele,Hugh
Synthia,Syble
Kareen,Krystyna
Federico,Menozzi
Claudio,Cletus
Jutta,Kimi
Carson,Bruna
Chelsie,Chong
Adele,Agripina
Cherri,Clarissa
Hans,Ivette
Reva,Robby
Mohamed,Monnie
Clarisa,Clayton
Pierre,Pilar
Herb,Jarrett
Alisia,Alverta
Garrett,Heide
Isa,Jeanice
Ok,Olivia
Verdell,Verena
Waltraud,Waneta
Danae,Danyell
Charline,Chas
Meaghan,Michael
Junie,Kieth
Rosaura,Romaine
Steven,Sung
Vance,Tynisha
Darleen,Delila
Macy,Lurline
Deetta,Dorinda
Lakiesha,LauriceÂ 
Carli,Bo
Luisa,Lucio
Elicia,Elvira
Camellia,Blake
Gertude,Hipolito
Carrol,Brant
Lorita,Letitia
Joannie,Jonah
Tamica,Takisha
Vanessa,Veda
Renetta,Rima
Gregoria,Hye
Shenna,Shanika
Aleta,Alesha
Chere,Cindie
Lynetta,Lupe
Scot,Rosita
Domonique,Dyan
Fred,Gwyneth
Marianne,Marcus
Jonnie,Karoline
Sunshine,Susana
Youlanda,Wm
Carli,Bo
Shondra,Simon
Sharla,Sebastian
Tamra,Tameika
Myesha,Nan
Hugh,Jarvis
Dean,Dia
Waneta,Ward
Gwenn,Ilana
Jennifer,Jimmie
Agustina,Aide
Heidy,Jalisa
Danna,Darla
Marquitta,Marybelle
Zachariah,Woodrow
Shonta,Sixta
Emelia,Erma
Seema,Rubye
Margarete,Lynne
Tresa,Twanda
Ryann,Rosemarie
Loni,Lennie
Jona,Juli
Keely,Kyoko
Rosemarie,Romana
Veola,Viola
See,Rusty
Von,Viola
Fatima,Glinda
Evon,Geraldine
Clifton,Consuelo
Lorriane,Lia
Chante,Celsa
Lester,Leeann
Coletta,Cortez
Catarina,Burma
Hung,Jaye
Margrett,Marcelene
Norine,Norene
Rebbeca,Reginald
Marline,Marlo
Julieann,Kellie
Jed,Jerrold
Zina,Yuonne
Sheryll,Shenita
Misty,Modesto
Nila,Nicole
Evan,Geoffrey
Mariano,Marilou
Maurine,Matilda
Terrilyn,Tess
Alleen,Alyse
Ed,Elodia
Aurea,Arthur
Louann,Linn
Jesusa,Johnnie
Quinton,Porsche
Refugia,Rico
Chantay,Caryn
Esperanza,Frank
Lashunda,Lavina
Marty,Maryetta
Fabian,Gertie
Newton,Nickole
Rufus,Roseanne
Margo,Malcolm
Kym,Latrina
Kamilah,Krishna
Alysia,Ardelia
Alyse,Apolonia
Lon,Leonard
Theda,Thomas
Vinita,Versie
Markita,Marita
Eugenio,Gabriel
Malka,Lynna
Rebekah,Renate
Louella,Loan
Jestine,Johnie
Stephnie,Stefani
Mendy,Miles
Etha,Fritz
Erlene,Evalyn
Errol,Evonne
Blair,Aurea
Elvera,Emogene
Hannah,Isabell
Forest,Gracia
Shona,Sherril
Marquetta,Marva
Gerald,Hettie
Ceola,Carolin
Rosette,Romelia
Raymond,Raymon
Dotty,Eda
Esteban,Freddie
Edelmira,Eliseo
Earline,Elaina
Fae,Giuseppina
Renita,Rita
Kai,Kira
Frederica,Gregg
Denisse,Dorothea
Blossom,Beth
Pasty,Orval
Ivory,Jeanna
Dannie,Darryl
Librada,Lelia
Billi,Aura
Darlene,Delisa
Cristine,Cristen
Vania,Vena
John,Julius
Gigi,Howard
Jefferey,Jesenia
Cleopatra,Collin
Peggie,Pamala
Palma,Ora
Crystal,Dale
Kindra,Lanell
Willie,Wiley
Sueann,Sunny
Aurore,Asha
Sherrell,Sharice
Jordon,Ka
Melodi,Milagro
Gwyn,Ione
Rosette,Romelia
Patience,Oswaldo
Timmy,Tonisha
Jong,Kandis
Sonya,Slyvia
Tamica,Takisha
Janie,Jenny
Tiara,Tobias
Dacia,Daniella
Ozie,Oneida
Trang,Truman
Pearlene,Palma
Mireya,Mindy
Rolanda,Rochelle
Rachel,Racheal
Leandro,Lavonia
Margarito,Madelyn
Joel,Jordon
Reena,Ricardo
Sherron,Shayne
Daphne,Delcie
Colene,Cornelius
Britni,Betsy
Janise,Jerald
Vickey,Verona
Alta,Annis
Adela,Adelina
Ebonie,Eleanor
Keli,Kyra
Torie,Torie
Stefany,Sonny
Valene,Tyler
Shanita,Sang
Lanette,Laverne
Jerrell,Joetta
Gayle,Henry
Charis,Chantelle
Kory,Latesha
Bruce,Billi
Abby,Adah
Daniell,Daria
Johnson,Josie
Davis,Dewayne
Yoshie,Willodean
Miles,Mimi
Darrel,Desirae
Trudi,Twila
Susann,Su
Jadwiga,Jeannie
Mohammad,Morton
Peggy,Pandora
Domitila,Drew
Celesta,Caitlin
Jin,Johnny
Alvaro,Antoine
Lorena,Leone
Lien,Lenita
Ashlea,Aron
Lai,Laurel
Ben,Augustus
Lorenzo,Lesa
Leta,Lela
Courtney,Creola
Alica,Aletha
Teodora,Tanya
Rebecca,Reginia
Autumn,Ashlie
Selena,Ruthe
Penelope,Parthenia
Katelynn,Kymberly
Misha,Missy
Beata,Audrie
Kimberlie,Ladawn
Seline,Sadye
Deborah,Dirk
Rosita,Roscoe
James,Jeffry
Melisa,Micheline
Dedra,Divina
Chelsey,China
Phillis,Pearly
Janita,Jerome
Monte,Nana
Billi,Aura
Julieta,Kenda
Luella,Lorrine
Rafael,Raquel
Lorrie,Lilliana
Alejandrina,AlaynaÂ 
Nu,Norma
Selena,Ruthe
Lanora,Lavette
Kip,Lasandra
Leola,Lazaro
Cira,Classie
Alice,Almeda
Freeman,Harris
Yasuko,Willie
Shantell,Savanna
Stephine,Stanton
Imelda,Jeanett
Tiffany,Tomi
Karissa,Kyle
Dodie,Douglass
Lazaro,Lavinia
Connie,Coy
Anne,Ardelle
Argelia,Ardith
Deedee,Dominga
